citation,citation_key,type,subtype,jurisdiction,occurrences,opinions,courts,first_year,last_year,resolved,answer_kind
7 Del. Admin. Code § 7101,7 del. admin. code § 7101,Regulation,state_regulation,DE,8,2,2,2020,2025,true,exact
Del.Code Regs. § 14110.7,del.code regs. § 14110.7,Regulation,state_regulation,DE,7,3,1,2005,2007,false,unresolved
19 Del. Admin. Code 2007-2.0,19 del. admin. code 2007-2.0,Regulation,state_regulation,DE,4,2,1,2023,2023,true,exact
19 Del. Admin. Code 2007-3.1,19 del. admin. code 2007-3.1,Regulation,state_regulation,DE,4,2,1,2023,2023,true,exact
19 Del. Admin. Code 2007-6.3,19 del. admin. code 2007-6.3,Regulation,state_regulation,DE,4,2,1,2023,2023,true,exact
Del. Admin. Code § 3.1,del. admin. code § 3.1,Regulation,state_regulation,DE,4,1,1,2011,2011,false,unresolved
14 Del. Admin. Code. § 1105,14 del. admin. code. § 1105,Regulation,state_regulation,DE,3,1,1,2015,2015,true,exact
22 F. C.C.R. 13363,22 f. c.c.r. 13363,Regulation,state_regulation,DE,3,3,1,2016,2017,false,unresolved
Del. Admin. Code § 6.2.7,del. admin. code § 6.2.7,Regulation,state_regulation,DE,3,1,1,2011,2011,false,unresolved
Del. Code Regs. § 63.0,del. code regs. § 63.0,Regulation,state_regulation,DE,3,1,1,2005,2005,false,unresolved
16 Del. Admin. Code 4205-10.2,16 del. admin. code 4205-10.2,Regulation,state_regulation,DE,2,1,1,2012,2012,true,exact
19 Del. Admin. Code 1202-6.0,19 del. admin. code 1202-6.0,Regulation,state_regulation,DE,2,1,1,2019,2019,true,exact
19 Del. Admin. Code § 1342-B-1.0,19 del. admin. code § 1342-b-1.0,Regulation,state_regulation,DE,2,1,1,2024,2024,false,unresolved
19 Del. Admin. Code § 3001-13.1,19 del. admin. code § 3001-13.1,Regulation,state_regulation,DE,2,2,1,2023,2023,true,exact
19 Del. Code Regs. § 710,19 del. code regs. § 710,Regulation,state_regulation,DE,2,2,1,2009,2009,false,unresolved
19 Del. Code Regs. § 711,19 del. code regs. § 711,Regulation,state_regulation,DE,2,2,1,2009,2009,false,unresolved
2 C.C.R. 154,2 c.c.r. 154,Regulation,state_regulation,DE,2,2,2,1890,1909,true,exact
2 Del. Admin. Code 2309-8.7.1-2,2 del. admin. code 2309-8.7.1-2,Regulation,state_regulation,DE,2,1,1,2025,2025,false,unresolved
2 Del. Admin. Code 2309-8.7.2,2 del. admin. code 2309-8.7.2,Regulation,state_regulation,DE,2,1,1,2025,2025,true,exact
2 Del. Admin. Code 2404-2D,2 del. admin. code 2404-2d,Regulation,state_regulation,DE,2,1,1,2020,2020,false,unresolved
24 Del. Admin. Code 1900-10.4,24 del. admin. code 1900-10.4,Regulation,state_regulation,DE,2,1,1,2016,2016,true,exact
24 Del. Admin. Code 1900-7.5,24 del. admin. code 1900-7.5,Regulation,state_regulation,DE,2,1,1,2016,2016,true,exact
24 Del. Admin. Code § 1700-11.1.1,24 del. admin. code § 1700-11.1.1,Regulation,state_regulation,DE,2,1,1,2014,2014,true,exact
36 C.M.R. 462,36 c.m.r. 462,Regulation,state_regulation,DE,2,2,1,2017,2017,false,unresolved
5 Del. Register of Regs. § 3.2.4,5 del. register of regs. § 3.2.4,Regulation,state_regulation,DE,2,2,1,2000,2000,false,unresolved
"6 Del. Reg. 1201, 1204 § 7.9","6 del. reg. 1201, 1204 § 7.9",Regulation,state_regulation,DE,2,2,1,2017,2017,false,unresolved
7 Del. Admin. Code 101-9.1.6,7 del. admin. code 101-9.1.6,Regulation,state_regulation,DE,2,1,1,2012,2012,true,exact
7 Del. Admin. Code 1301-5.9.5.4,7 del. admin. code 1301-5.9.5.4,Regulation,state_regulation,DE,2,1,1,2025,2025,true,exact
7 Del. Admin. Code § 7101-5.4.6.3.1,7 del. admin. code § 7101-5.4.6.3.1,Regulation,state_regulation,DE,2,1,1,2025,2025,true,exact
7 Del. Admin. Code § 7101-6.5,7 del. admin. code § 7101-6.5,Regulation,state_regulation,DE,2,1,1,2020,2020,true,exact
9 Del. Reg. 1588 § 3.8.9,9 del. reg. 1588 § 3.8.9,Regulation,state_regulation,DE,2,1,1,2023,2023,false,unresolved
CMR 5.14,cmr 5.14,Regulation,state_regulation,DE,2,1,1,2019,2019,false,unresolved
Del. Admin. Code § 6.2.6,del. admin. code § 6.2.6,Regulation,state_regulation,DE,2,1,1,2011,2011,false,unresolved
Del. Code Regs. § 63.12,del. code regs. § 63.12,Regulation,state_regulation,DE,2,1,1,2005,2005,false,unresolved
Del.Code Regs. § 14110.8.1,del.code regs. § 14110.8.1,Regulation,state_regulation,DE,2,2,1,2005,2005,false,unresolved
Title 18 Del. Admin. Code § 902-1.2.1.3,title 18 del. admin. code § 902-1.2.1.3,Regulation,state_regulation,DE,2,1,1,2024,2024,false,unresolved
11 Del. Reg. Regs. 1337,11 del. reg. regs. 1337,Regulation,state_regulation,DE,1,1,1,2020,2020,true,exact
12 Del. Admin. Code § 104-2.17.6,12 del. admin. code § 104-2.17.6,Regulation,state_regulation,DE,1,1,1,2021,2021,true,exact
12 Del. Admin. Code § 104-2.22.1,12 del. admin. code § 104-2.22.1,Regulation,state_regulation,DE,1,1,1,2021,2021,true,exact
12 Del. Admin. Code § 104.2.19.1,12 del. admin. code § 104.2.19.1,Regulation,state_regulation,DE,1,1,1,2021,2021,false,unresolved
13 Del. Reg. Regs. 680,13 del. reg. regs. 680,Regulation,state_regulation,DE,1,1,1,2014,2014,false,unresolved
14 Del. Admin. Code § 1590,14 del. admin. code § 1590,Regulation,state_regulation,DE,1,1,1,2017,2017,true,exact
14 Del. Admin. Code § 922,14 del. admin. code § 922,Regulation,state_regulation,DE,1,1,1,2023,2023,true,exact
14 Del. Admin. Code § 926.11.8,14 del. admin. code § 926.11.8,Regulation,state_regulation,DE,1,1,1,2020,2020,false,unresolved
14 Del. Admin. Code § 933-13.4,14 del. admin. code § 933-13.4,Regulation,state_regulation,DE,1,1,1,2022,2022,true,exact
14 Del. Admin. Code § 933-13.4.1.3,14 del. admin. code § 933-13.4.1.3,Regulation,state_regulation,DE,1,1,1,2022,2022,true,exact
16 Del. Admin. Code § 1519,16 del. admin. code § 1519,Regulation,state_regulation,DE,1,1,1,2013,2013,false,unresolved
16 Del. Admin. Code § 4205-10.0,16 del. admin. code § 4205-10.0,Regulation,state_regulation,DE,1,1,1,2024,2024,true,exact
16 Del. Admin. Code § 4205-10.7,16 del. admin. code § 4205-10.7,Regulation,state_regulation,DE,1,1,1,2024,2024,true,exact
16 Del. Admin. Code § 5100-20200.1,16 del. admin. code § 5100-20200.1,Regulation,state_regulation,DE,1,1,1,2013,2013,false,unresolved
16 Del. Admin. Code § 5100-20620,16 del. admin. code § 5100-20620,Regulation,state_regulation,DE,1,1,1,2013,2013,false,unresolved
17 Del. Reg. Regs. 322,17 del. reg. regs. 322,Regulation,state_regulation,DE,1,1,1,2016,2016,true,exact
18 Del. Admin. Code § 902-1.2.1.3,18 del. admin. code § 902-1.2.1.3,Regulation,state_regulation,DE,1,1,1,2024,2024,true,exact
18 Del. Code Regs. 1300,18 del. code regs. 1300,Regulation,state_regulation,DE,1,1,1,2008,2008,false,unresolved
19 Del. Admin. Code 1200-UNEMP,19 del. admin. code 1200-unemp,Regulation,state_regulation,DE,1,1,1,2019,2019,false,unresolved
19 Del. Admin. Code § 1201,19 del. admin. code § 1201,Regulation,state_regulation,DE,1,1,1,2023,2023,true,exact
19 Del. Admin. Code § 1201-4.7.4,19 del. admin. code § 1201-4.7.4,Regulation,state_regulation,DE,1,1,1,2017,2017,true,exact
19 Del. Admin. Code § 1322-7.1.1.3.3,19 del. admin. code § 1322-7.1.1.3.3,Regulation,state_regulation,DE,1,1,1,2022,2022,true,exact
19 Del. Admin. Code § 1341,19 del. admin. code § 1341,Regulation,state_regulation,DE,1,1,1,2022,2022,true,exact
19 Del. Admin. Code § 1342-D-1.0,19 del. admin. code § 1342-d-1.0,Regulation,state_regulation,DE,1,1,1,2024,2024,false,unresolved
19 Del. Admin. Code § 1342-D-2.6,19 del. admin. code § 1342-d-2.6,Regulation,state_regulation,DE,1,1,1,2024,2024,false,unresolved
19 Del. Admin. Code § 1342-D-6.4.2,19 del. admin. code § 1342-d-6.4.2,Regulation,state_regulation,DE,1,1,1,2024,2024,false,unresolved
19 Del. Admin. Code § 1342-D-6.4.3.1,19 del. admin. code § 1342-d-6.4.3.1,Regulation,state_regulation,DE,1,1,1,2024,2024,false,unresolved
19 Del. Admin. Code § 2007-2.0,19 del. admin. code § 2007-2.0,Regulation,state_regulation,DE,1,1,1,2022,2022,true,exact
19-1322 Del. Admin. Code § 3.1.3,19-1322 del. admin. code § 3.1.3,Regulation,state_regulation,DE,1,1,1,2022,2022,false,unresolved
"1991-92 Reg. Sess. 2 (Apr. 27, 1992) (emphasis added) ). Del. Code Ann. tit. 6 § 9-301","1991-92 reg. sess. 2 (apr. 27, 1992) (emphasis added) ). del. code ann. tit. 6 § 9-301",Regulation,state_regulation,DE,1,1,1,2018,2018,false,unresolved
2 Del. Admin. Code § 2277,2 del. admin. code § 2277,Regulation,state_regulation,DE,1,1,1,2022,2022,true,exact
2 Del. Admin. Code. § 0-8.1,2 del. admin. code. § 0-8.1,Regulation,state_regulation,DE,1,1,1,2020,2020,false,unresolved
2 Del. Admin. Code. § 2217-8,2 del. admin. code. § 2217-8,Regulation,state_regulation,DE,1,1,1,2020,2020,false,unresolved
209 (2022). 75 19 Del. Admin. Code § 1341-3.1.5.3,209 (2022). 75 19 del. admin. code § 1341-3.1.5.3,Regulation,state_regulation,DE,1,1,1,2022,2022,false,unresolved
24 Del. Admin. Code § 1700-11.0,24 del. admin. code § 1700-11.0,Regulation,state_regulation,DE,1,1,1,2014,2014,true,exact
24 Del. Admin. Code § 1700-11.1.3,24 del. admin. code § 1700-11.1.3,Regulation,state_regulation,DE,1,1,1,2014,2014,true,exact
24 Del. Admin. Code § 1900-10.4.1,24 del. admin. code § 1900-10.4.1,Regulation,state_regulation,DE,1,1,1,2012,2012,true,exact
24 Del. Admin. Code § 3514,24 del. admin. code § 3514,Regulation,state_regulation,DE,1,1,1,2019,2019,false,unresolved
24 Del. Admin. Code § 5100-14.7,24 del. admin. code § 5100-14.7,Regulation,state_regulation,DE,1,1,1,2015,2015,true,exact
3 Del. Admin. Code § 1001-19.5.10,3 del. admin. code § 1001-19.5.10,Regulation,state_regulation,DE,1,1,1,2023,2023,true,exact
3 Del. Admin. Code § 501-6.3.3.15,3 del. admin. code § 501-6.3.3.15,Regulation,state_regulation,DE,1,1,1,2019,2019,true,exact
7 Del. Admin. Code § 105-1.1,7 del. admin. code § 105-1.1,Regulation,state_regulation,DE,1,1,1,2025,2025,true,exact
7 Del. Admin. Code § 1301-4.0,7 del. admin. code § 1301-4.0,Regulation,state_regulation,DE,1,1,1,2020,2020,true,exact
7 Del. Admin. Code § 6.3.1.14.1,7 del. admin. code § 6.3.1.14.1,Regulation,state_regulation,DE,1,1,1,2020,2020,false,unresolved
7 Del. Admin. Code § 7101-1.2.1,7 del. admin. code § 7101-1.2.1,Regulation,state_regulation,DE,1,1,1,2020,2020,true,exact
7 Del. Admin. Code § 7101-1.3,7 del. admin. code § 7101-1.3,Regulation,state_regulation,DE,1,1,1,2020,2020,true,exact
7 Del. Admin. Code § 7101-5.4.6.3.19.1,7 del. admin. code § 7101-5.4.6.3.19.1,Regulation,state_regulation,DE,1,1,1,2025,2025,true,exact
7 Del. Admin. Code § 7101-6.1,7 del. admin. code § 7101-6.1,Regulation,state_regulation,DE,1,1,1,2020,2020,true,exact
7 Del. Admin. Code § 7101-6.3.1.14.1,7 del. admin. code § 7101-6.3.1.14.1,Regulation,state_regulation,DE,1,1,1,2020,2020,true,exact
7 Del. Admin. Code § 7101-6.5.3.3.1,7 del. admin. code § 7101-6.5.3.3.1,Regulation,state_regulation,DE,1,1,1,2020,2020,true,exact
7 Del. Admin. Code § 7402.4.4.12.1,7 del. admin. code § 7402.4.4.12.1,Regulation,state_regulation,DE,1,1,1,2015,2015,false,unresolved
7 Del. Admin. Code § 7504-2.7,7 del. admin. code § 7504-2.7,Regulation,state_regulation,DE,1,1,1,2012,2012,true,exact
7 Del. C. Regs. § 1000,7 del. c. regs. § 1000,Regulation,state_regulation,DE,1,1,1,2010,2010,false,unresolved
7 Del. Reg. § 7502.6.1.4,7 del. reg. § 7502.6.1.4,Regulation,state_regulation,DE,1,1,1,2022,2022,false,unresolved
7 Del. Reg. § 7502.7.1.4,7 del. reg. § 7502.7.1.4,Regulation,state_regulation,DE,1,1,1,2022,2022,false,unresolved
9 Del. Reg. 1588 § 3.8.2,9 del. reg. 1588 § 3.8.2,Regulation,state_regulation,DE,1,1,1,2023,2023,false,unresolved
9 Del. Reg. Regs. 1502,9 del. reg. regs. 1502,Regulation,state_regulation,DE,1,1,1,2021,2021,true,exact
C.A. Nos. 9380-VCMR § 2018-0701-TMR,c.a. nos. 9380-vcmr § 2018-0701-tmr,Regulation,state_regulation,DE,1,1,1,2019,2019,false,unresolved
Del. Admin. Code 1200-UNEMP 18. 39 19 Del. Admin. Code 1201-UNEMP,del. admin. code 1200-unemp 18. 39 19 del. admin. code 1201-unemp,Regulation,state_regulation,DE,1,1,1,2019,2019,false,unresolved
Del. Admin. Code § 1,del. admin. code § 1,Regulation,state_regulation,DE,1,1,1,2011,2011,false,unresolved
Del. Admin. Code § 1.0,del. admin. code § 1.0,Regulation,state_regulation,DE,1,1,1,2011,2011,true,exact
Del. Admin. Code § 1.2,del. admin. code § 1.2,Regulation,state_regulation,DE,1,1,1,2011,2011,false,unresolved
Del. Admin. Code § 3.1.3,del. admin. code § 3.1.3,Regulation,state_regulation,DE,1,1,1,2011,2011,false,unresolved
Del. Admin. Code § 4205-10.7,del. admin. code § 4205-10.7,Regulation,state_regulation,DE,1,1,1,2024,2024,false,unresolved
"Del. Admin. Code, tit. 9 § 301-1.0","del. admin. code, tit. 9 § 301-1.0",Regulation,state_regulation,DE,1,1,1,2015,2015,false,unresolved
"Del. Admin. Code, tit. 9 § 304-11.2","del. admin. code, tit. 9 § 304-11.2",Regulation,state_regulation,DE,1,1,1,2015,2015,false,unresolved
Del. C. Regs. § 14100.5,del. c. regs. § 14100.5,Regulation,state_regulation,DE,1,1,1,2007,2007,false,unresolved
Del. C. Regs. § 2.2.2,del. c. regs. § 2.2.2,Regulation,state_regulation,DE,1,1,1,2009,2009,false,unresolved
Del. Code Regs. § 63.0-63.12,del. code regs. § 63.0-63.12,Regulation,state_regulation,DE,1,1,1,2005,2005,false,unresolved
Del. Code Regs. § 63.611,del. code regs. § 63.611,Regulation,state_regulation,DE,1,1,1,2005,2005,false,unresolved
Del. Reg. No. 25 § 2.3,del. reg. no. 25 § 2.3,Regulation,state_regulation,DE,1,1,1,1999,1999,false,unresolved
Del. Reg. § 7502-1.0,del. reg. § 7502-1.0,Regulation,state_regulation,DE,1,1,1,2021,2021,false,unresolved
Del. Regs. 5300-11.3,del. regs. 5300-11.3,Regulation,state_regulation,DE,1,1,1,2021,2021,false,unresolved
Del. Regs. 73,del. regs. 73,Regulation,state_regulation,DE,1,1,1,2001,2001,false,unresolved
Del. Regs. § 85-200-1.15,del. regs. § 85-200-1.15,Regulation,state_regulation,DE,1,1,1,2001,2001,false,unresolved
"Delaware, Code Del. Regs. 50","delaware, code del. regs. 50",Regulation,state_regulation,DE,1,1,1,2003,2003,false,unresolved
"Delaware, and Del. Admin.Code § 713-3.1.1","delaware, and del. admin.code § 713-3.1.1",Regulation,state_regulation,DE,1,1,1,2012,2012,false,unresolved
L.R. C.C.R. 154,l.r. c.c.r. 154,Regulation,state_regulation,DE,1,1,1,1909,1909,false,unresolved
SEC Reg. § 229.407,sec reg. § 229.407,Regulation,state_regulation,DE,1,1,1,2007,2007,false,unresolved
