category,jurisdiction,distinct_citations,occurrences,resolved_distinct,resolved_pct_distinct,resolved_pct_weighted
administrative-registers,ak,11,17,5,45.5,41.2
administrative-registers,al,2,2,0,0.0,0.0
administrative-registers,ar,8,8,0,0.0,0.0
administrative-registers,az,20,28,5,25.0,28.6
administrative-registers,ca,51,80,3,5.9,6.2
administrative-registers,co,67,292,1,1.5,0.3
administrative-registers,ct,8,10,0,0.0,0.0
administrative-registers,dc,685,1129,80,11.7,13.6
administrative-registers,de,19,31,7,36.8,32.3
administrative-registers,federal,22017,104954,8250,37.5,52.6
administrative-registers,fl,9,15,0,0.0,0.0
administrative-registers,ga,1,1,0,0.0,0.0
administrative-registers,ia,44,69,10,22.7,26.1
administrative-registers,id,1,1,0,0.0,0.0
administrative-registers,il,566,2430,150,26.5,36.5
administrative-registers,in,30,41,7,23.3,29.3
administrative-registers,ks,27,45,1,3.7,4.4
administrative-registers,ky,38,81,1,2.6,2.5
administrative-registers,la,34,56,12,35.3,35.7
administrative-registers,ma,76,101,0,0.0,0.0
administrative-registers,md,253,377,14,5.5,7.7
administrative-registers,me,7,8,0,0.0,0.0
administrative-registers,mi,2,2,0,0.0,0.0
administrative-registers,mn,29,44,7,24.1,20.5
administrative-registers,mo,33,40,1,3.0,2.5
administrative-registers,mp,2,2,0,0.0,0.0
administrative-registers,mt,24,51,1,4.2,2.0
administrative-registers,nc,33,72,0,0.0,0.0
administrative-registers,ne,9,13,0,0.0,0.0
administrative-registers,nh,2,2,0,0.0,0.0
administrative-registers,nj,99,191,0,0.0,0.0
administrative-registers,nm,16,21,1,6.2,4.8
administrative-registers,nv,3,3,0,0.0,0.0
administrative-registers,ny,49,78,0,0.0,0.0
administrative-registers,oh,7,8,0,0.0,0.0
administrative-registers,ok,25,49,3,12.0,10.2
administrative-registers,or,9,14,0,0.0,0.0
administrative-registers,pa,230,376,103,44.8,50.8
administrative-registers,pr,5,6,0,0.0,0.0
administrative-registers,ri,4,6,1,25.0,16.7
administrative-registers,sc,29,61,0,0.0,0.0
administrative-registers,tn,2,2,0,0.0,0.0
administrative-registers,tx,1266,3823,320,25.3,31.2
administrative-registers,unknown,324,533,121,37.3,35.3
administrative-registers,ut,3,5,0,0.0,0.0
administrative-registers,va,289,624,0,0.0,0.0
administrative-registers,vi,1,2,0,0.0,0.0
administrative-registers,wa,9,9,0,0.0,0.0
administrative-registers,wi,58,88,0,0.0,0.0
constitutions,ak,1228,9962,886,72.1,94.0
constitutions,al,2086,8442,1230,59.0,80.7
constitutions,ar,2524,12841,1691,67.0,88.0
constitutions,as,21,33,13,61.9,63.6
constitutions,az,2828,28697,1677,59.3,80.3
constitutions,ca,4553,84183,2266,49.8,91.9
constitutions,co,2567,25202,1670,65.1,88.3
constitutions,ct,577,3163,375,65.0,90.5
constitutions,dc,10,13,0,0.0,0.0
constitutions,de,1053,6386,700,66.5,89.7
constitutions,federal,9545,183529,2947,30.9,87.6
constitutions,fl,2085,33476,1154,55.3,95.2
constitutions,ga,1287,5505,271,21.1,38.4
constitutions,hi,737,4266,522,70.8,86.0
constitutions,ia,616,10641,410,66.6,95.0
constitutions,id,1201,10991,895,74.5,94.6
constitutions,il,2155,29357,941,43.7,76.0
constitutions,in,1486,18647,1022,68.8,95.2
constitutions,ks,608,3942,406,66.8,90.5
constitutions,ky,970,7569,441,45.5,82.1
constitutions,la,5919,65002,3640,61.5,89.6
constitutions,ma,228,384,11,4.8,3.9
constitutions,md,1185,5937,765,64.6,86.8
constitutions,me,837,5653,395,47.2,67.1
constitutions,mi,1510,5384,839,55.6,72.5
constitutions,mn,1250,18018,839,67.1,93.3
constitutions,mo,3043,23471,1499,49.3,70.1
constitutions,mp,97,269,72,74.2,84.0
constitutions,ms,1577,10822,1080,68.5,90.7
constitutions,mt,1261,12079,644,51.1,86.6
constitutions,nc,1386,14420,797,57.5,90.6
constitutions,nd,872,10839,466,53.4,89.4
constitutions,ne,1014,9638,648,63.9,91.8
constitutions,nh,60,102,16,26.7,31.4
constitutions,nj,1485,9478,629,42.4,75.0
constitutions,nm,1554,13050,1008,64.9,90.7
constitutions,nv,861,7623,597,69.3,90.3
constitutions,ny,2050,10815,1295,63.2,85.7
constitutions,oh,1289,13928,669,51.9,89.1
constitutions,ok,3135,25167,2188,69.8,90.1
constitutions,or,1305,17034,827,63.4,93.1
constitutions,pa,3423,39519,1795,52.4,91.1
constitutions,pr,202,553,106,52.5,72.7
constitutions,ri,636,3109,378,59.4,80.0
constitutions,sc,909,5667,643,70.7,91.6
constitutions,sd,808,5965,631,78.1,94.5
constitutions,tn,1262,20200,865,68.5,95.9
constitutions,tx,6163,84575,3478,56.4,92.5
constitutions,unknown,1573,5903,229,14.6,11.8
constitutions,ut,883,8768,512,58.0,90.1
constitutions,va,888,5331,492,55.4,86.9
constitutions,vt,281,719,177,63.0,80.9
constitutions,wa,1562,16858,922,59.0,74.1
constitutions,wi,1155,13643,754,65.3,90.7
constitutions,wv,1692,12773,1295,76.5,93.7
constitutions,wy,1001,9826,744,74.3,94.9
court-rules,ak,2862,18102,2238,78.2,92.5
court-rules,al,4860,54959,2131,43.8,92.8
court-rules,ar,3059,30273,1790,58.5,85.7
court-rules,as,7,7,0,0.0,0.0
court-rules,az,4222,32071,2645,62.6,90.9
court-rules,ca,5201,54406,1048,20.1,83.5
court-rules,co,1370,4926,732,53.4,80.3
court-rules,ct,2128,7118,247,11.6,53.6
court-rules,dc,1462,5717,626,42.8,72.9
court-rules,de,3369,8456,2013,59.8,74.2
court-rules,federal,39425,3225855,6847,17.4,96.8
court-rules,fl,5793,73613,2371,40.9,86.3
court-rules,ga,1341,2804,265,19.8,39.8
court-rules,gu,143,331,99,69.2,82.2
court-rules,hi,1189,3712,441,37.1,47.8
court-rules,ia,2864,29555,1104,38.5,58.6
court-rules,id,1342,11110,737,54.9,78.0
court-rules,il,4691,60815,1089,23.2,81.0
court-rules,in,5271,146128,2313,43.9,95.0
court-rules,ks,1588,11044,561,35.3,66.7
court-rules,ky,2106,3487,475,22.6,42.1
court-rules,la,1716,9123,301,17.5,7.8
court-rules,ma,5025,40092,1417,28.2,74.4
court-rules,md,6927,62674,2220,32.0,62.2
court-rules,me,2755,6929,752,27.3,40.1
court-rules,mi,1740,9257,708,40.7,66.0
court-rules,mn,5243,41380,3229,61.6,90.4
court-rules,mo,4813,12693,1585,32.9,59.7
court-rules,mp,17,18,8,47.1,50.0
court-rules,ms,2343,16838,1170,49.9,85.9
court-rules,mt,1088,4006,337,31.0,59.4
court-rules,nc,2517,32545,875,34.8,59.5
court-rules,nd,3067,34139,1269,41.4,81.3
court-rules,ne,862,8007,403,46.8,69.9
court-rules,nh,1121,3369,374,33.4,64.5
court-rules,nj,8861,162395,2124,24.0,83.8
court-rules,nm,938,2171,125,13.3,14.2
court-rules,nv,812,2200,357,44.0,55.0
court-rules,ny,10346,350551,3817,36.9,96.1
court-rules,oh,3474,13775,1522,43.8,76.5
court-rules,ok,747,2715,358,47.9,68.7
court-rules,or,441,811,142,32.2,41.3
court-rules,pa,12640,140791,3624,28.7,72.4
court-rules,pr,16008,51194,1308,8.2,8.6
court-rules,ri,845,1714,335,39.6,56.0
court-rules,sc,2423,4740,220,9.1,11.0
court-rules,sd,1870,7786,368,19.7,41.2
court-rules,tn,5999,149439,4257,71.0,96.9
court-rules,tx,44304,521600,11132,25.1,80.8
court-rules,unknown,16290,57212,1982,12.2,47.6
court-rules,ut,1836,20590,1123,61.2,93.7
court-rules,va,1381,4795,417,30.2,59.2
court-rules,vi,727,2110,445,61.2,79.1
court-rules,vt,1485,3610,409,27.5,49.0
court-rules,wa,1536,3311,293,19.1,17.0
court-rules,wi,443,754,7,1.6,1.3
court-rules,wv,3397,20670,1787,52.6,85.2
court-rules,wy,863,3005,513,59.4,73.9
regulations,ak,161,344,106,65.8,57.8
regulations,al,340,668,113,33.2,38.6
regulations,ar,188,513,2,1.1,1.2
regulations,az,333,591,196,58.9,70.7
regulations,ca,9283,25633,5884,63.4,79.0
regulations,co,1049,3240,416,39.7,55.3
regulations,ct,133,201,37,27.8,26.4
regulations,dc,4309,9032,2575,59.8,68.3
regulations,de,115,174,51,44.3,46.6
regulations,federal,140270,1769162,72368,51.6,86.6
regulations,fl,1830,5827,808,44.2,67.5
regulations,ga,344,581,174,50.6,55.6
regulations,gu,14,24,5,35.7,37.5
regulations,hi,261,451,141,54.0,49.9
regulations,ia,511,1312,117,22.9,21.5
regulations,id,50,234,12,24.0,14.5
regulations,il,2634,9535,983,37.3,37.5
regulations,in,583,1785,324,55.6,55.5
regulations,ks,199,478,143,71.9,73.2
regulations,ky,141,380,86,61.0,50.5
regulations,la,617,1297,238,38.6,36.5
regulations,ma,5957,18761,2774,46.6,54.0
regulations,md,577,1224,300,52.0,60.5
regulations,me,784,2278,187,23.9,19.5
regulations,mi,212,755,148,69.8,80.5
regulations,mn,45,120,21,46.7,48.3
regulations,mo,221,383,152,68.8,73.4
regulations,mp,2,2,0,0.0,0.0
regulations,ms,240,545,39,16.2,12.8
regulations,mt,128,462,82,64.1,81.0
regulations,nc,1312,3302,222,16.9,33.9
regulations,nd,433,4360,321,74.1,93.5
regulations,ne,872,1391,541,62.0,65.3
regulations,nh,19,37,0,0.0,0.0
regulations,nj,10103,43761,6239,61.8,76.9
regulations,nm,1515,2639,84,5.5,8.2
regulations,nv,98,173,40,40.8,45.7
regulations,ny,19068,214266,9873,51.8,70.4
regulations,oh,904,3438,482,53.3,68.7
regulations,ok,248,533,178,71.8,81.2
regulations,or,361,1330,216,59.8,65.5
regulations,pa,5751,28546,4064,70.7,80.7
regulations,pr,11,16,0,0.0,0.0
regulations,ri,118,220,0,0.0,0.0
regulations,sc,760,1543,204,26.8,35.3
regulations,sd,70,188,46,65.7,65.4
regulations,tn,991,3836,239,24.1,31.1
regulations,tx,6249,21578,3069,49.1,60.8
regulations,unknown,22701,94321,1499,6.6,4.1
regulations,ut,627,1648,224,35.7,40.7
regulations,va,379,928,220,58.0,60.8
regulations,vi,76,101,2,2.6,3.0
regulations,vt,100,202,8,8.0,10.4
regulations,wa,603,1321,249,41.3,44.4
regulations,wi,433,1004,147,33.9,44.5
regulations,wv,508,783,330,65.0,63.9
regulations,wy,18,30,0,0.0,0.0
session-laws,ak,65,104,0,0.0,0.0
session-laws,al,137,227,0,0.0,0.0
session-laws,ar,178,304,0,0.0,0.0
session-laws,az,2153,4536,0,0.0,0.0
session-laws,ca,116,171,0,0.0,0.0
session-laws,co,1459,2111,2,0.1,0.1
session-laws,ct,36,62,0,0.0,0.0
session-laws,de,813,1114,0,0.0,0.0
session-laws,federal,77646,298100,29283,37.7,27.5
session-laws,fl,220,321,4,1.8,3.1
session-laws,ga,1,1,0,0.0,0.0
session-laws,hi,97,122,5,5.2,4.1
session-laws,ia,11,19,0,0.0,0.0
session-laws,id,590,890,0,0.0,0.0
session-laws,il,3530,6710,1,0.0,0.0
session-laws,in,422,714,0,0.0,0.0
session-laws,ks,144,199,1,0.7,0.5
session-laws,ky,108,190,0,0.0,0.0
session-laws,la,242,440,0,0.0,0.0
session-laws,ma,6573,23094,3669,55.8,82.8
session-laws,md,482,775,0,0.0,0.0
session-laws,me,95,133,0,0.0,0.0
session-laws,mi,5,15,0,0.0,0.0
session-laws,mn,2176,3398,0,0.0,0.0
session-laws,mo,134,262,0,0.0,0.0
session-laws,ms,399,636,0,0.0,0.0
session-laws,mt,346,501,0,0.0,0.0
session-laws,nc,1194,2212,0,0.0,0.0
session-laws,nd,804,1752,0,0.0,0.0
session-laws,ne,720,1052,0,0.0,0.0
session-laws,nh,39,50,0,0.0,0.0
session-laws,nj,82,119,0,0.0,0.0
session-laws,nm,1367,2501,0,0.0,0.0
session-laws,nv,1168,3114,0,0.0,0.0
session-laws,ny,744,1101,0,0.0,0.0
session-laws,oh,4,4,0,0.0,0.0
session-laws,ok,1522,2484,1,0.1,0.0
session-laws,or,173,254,0,0.0,0.0
session-laws,pa,32,53,0,0.0,0.0
session-laws,ri,19,26,0,0.0,0.0
session-laws,sc,9,10,0,0.0,0.0
session-laws,sd,365,556,1,0.3,0.2
session-laws,tn,60,71,0,0.0,0.0
session-laws,tx,1842,5117,1,0.1,0.0
session-laws,unknown,211,286,2,0.9,1.4
session-laws,ut,336,550,0,0.0,0.0
session-laws,va,42,51,0,0.0,0.0
session-laws,vi,23,29,0,0.0,0.0
session-laws,vt,5,8,0,0.0,0.0
session-laws,wa,105,152,0,0.0,0.0
session-laws,wi,434,824,0,0.0,0.0
session-laws,wv,16,18,0,0.0,0.0
session-laws,wy,599,973,0,0.0,0.0
statutes,ak,4748,9199,1633,34.4,46.9
statutes,al,26123,77249,11764,45.0,61.1
statutes,ar,38129,200336,19609,51.4,75.9
statutes,as,1233,4611,859,69.7,89.4
statutes,az,30393,219523,16067,52.9,76.0
statutes,ca,85330,480706,41169,48.2,82.6
statutes,co,24888,56279,10383,41.7,54.1
statutes,ct,22171,65369,11517,51.9,68.2
statutes,dc,18127,100158,8723,48.1,68.1
statutes,de,22980,95444,8504,37.0,73.3
statutes,federal,241949,10389598,105953,43.8,94.0
statutes,fl,34305,366171,16887,49.2,81.4
statutes,ga,53741,959774,24793,46.1,79.1
statutes,gu,1282,3450,745,58.1,76.2
statutes,hi,21429,162679,11492,53.6,78.7
statutes,ia,11755,82959,5938,50.5,77.3
statutes,id,18767,170565,9998,53.3,84.4
statutes,il,34720,464821,14251,41.0,88.0
statutes,in,68442,245665,29543,43.2,64.3
statutes,ks,23414,232872,11092,47.4,71.8
statutes,ky,22007,200058,13087,59.5,85.7
statutes,la,35023,339227,19434,55.5,79.6
statutes,ma,38765,250598,14133,36.5,76.9
statutes,md,45849,94248,10285,22.4,29.6
statutes,me,27574,126679,10648,38.6,67.0
statutes,mi,48706,542211,25955,53.3,89.2
statutes,mn,40318,231139,14850,36.8,71.2
statutes,mo,21234,44575,10650,50.2,62.6
statutes,mp,811,2531,498,61.4,73.9
statutes,ms,21765,109455,14569,66.9,88.5
statutes,mt,7354,15559,3300,44.9,56.9
statutes,nc,38929,340812,22945,58.9,87.1
statutes,nd,12534,86615,7747,61.8,85.7
statutes,ne,20019,84280,10921,54.6,71.4
statutes,nh,4583,8652,2430,53.0,63.7
statutes,nj,50215,459067,29645,59.0,84.7
statutes,nm,16717,59915,8090,48.4,57.7
statutes,nv,16816,173821,10547,62.7,86.9
statutes,ny,57696,847370,22161,38.4,90.4
statutes,oh,41424,1356897,26377,63.7,93.5
statutes,ok,73654,210301,35522,48.2,60.5
statutes,or,37282,578494,22217,59.6,96.2
statutes,pa,108022,1270684,28672,26.5,70.4
statutes,pr,6672,16471,1830,27.4,36.6
statutes,ri,17890,42880,11037,61.7,71.6
statutes,sc,16407,92593,8958,54.6,81.8
statutes,sd,12491,115886,7256,58.1,77.8
statutes,tn,38420,324793,21422,55.8,84.8
statutes,tx,153151,761871,77817,50.8,75.7
statutes,unknown,176069,733164,55144,31.3,51.3
statutes,ut,19005,72601,5396,28.4,38.9
statutes,va,34313,286367,15154,44.2,79.1
statutes,vi,3666,12850,2701,73.7,89.5
statutes,vt,12779,82376,6954,54.4,81.2
statutes,wa,61265,670945,24894,40.6,78.3
statutes,wi,33303,348219,18402,55.3,80.3
statutes,wv,29654,196814,20100,67.8,80.7
statutes,wy,18330,63391,8815,48.1,67.9
